KK,Repeated Random R,Repeated Random P,Hill Climbing R,Hill Climbing P,Simulated Annealing R,Simulated Annealing P
0.0001075610052794218,1.6518831209978089,11.412874059999012,1.171306573000038,6.046009927988052,3.0212275340018095,16.841486241988605
0.00011280699982307851,1.6627662460086867,11.681778882993967,1.1163435549970018,6.287981835004757,3.179351251004846,16.75425954500679
0.00010023399954661727,1.743808056009584,11.652985966997221,1.121795805011061,5.932571746001486,3.028675146997557,17.291343529999722
0.0001017339964164421,1.7967246220068773,11.668971683990094,1.1102223060006509,6.028205470996909,3.23503465099202,18.016599196009338
0.00010024099901784211,1.7178861889988184,12.03734762899694,1.1407540350046474,6.233881799998926,3.1266101320070447,17.44977861199004
