KK,Repeated Random R,Repeated Random P,Hill Climbing R,Hill Climbing P,Simulated Annealing R,Simulated Annealing P
0.00012463307939469814,1.4118367419578135,11.607056097011082,0.994897193973884,6.479525050963275,3.0271253120154142,18.134958556038328
0.00013643200509250164,1.4990704939700663,10.657999932998791,0.9093533660052344,6.0594055720139295,2.6813117910642177,17.699679138022475
8.97370046004653e-05,1.5313840650487691,10.420109043014236,0.9244572620373219,6.423249481013045,3.211599382921122,19.45609263307415
0.0001854990841820836,1.5438347170129418,10.845761451055296,0.9435169929638505,6.2422326690284535,2.8236504970118403,17.94026391999796
9.27499495446682e-05,1.5154623249545693,10.281838197028264,0.9119714499684051,6.366918293060735,2.816698641050607,18.735045860055834
